{"cameraMode":{"drawMode":0,"name":"Shaded","section":"Shading Mode"},"sceneLighting":true,"audioPlay":false,"sceneViewState":{"showFog":true,"showMaterialUpdate":false,"showSkybox":true,"showFlares":true,"showImageEffects":true,"showParticleSystems":true,"showVisualEffectGraphs":true,"m_FxEnabled":true},"in2DMode":false,"pivot":{"x":10.565691947937012,"y":-6.3812713623046879,"z":28.20487403869629},"rotation":{"x":-0.11227095872163773,"y":-0.005070151761174202,"z":0.0005737259052693844,"w":-0.9936693906784058},"size":42.10445785522461,"orthographic":false}