{"cameraMode":{"drawMode":0,"name":"Shaded","section":"Shading Mode"},"sceneLighting":true,"audioPlay":false,"sceneViewState":{"showFog":true,"showMaterialUpdate":false,"showSkybox":true,"showFlares":true,"showImageEffects":true,"showParticleSystems":true,"showVisualEffectGraphs":true,"m_FxEnabled":true},"in2DMode":false,"pivot":{"x":4.215900421142578,"y":2.1024129390716554,"z":1.6730804443359376},"rotation":{"x":0.06439259648323059,"y":0.04727962985634804,"z":-0.0030539431609213354,"w":0.9968016147613525},"size":11.284729957580567,"orthographic":false}